5141234567,Gagnon,Alice,"1901 Rue Rosemont, Montréal, QC"
5142345678,Tremblay,Louis,"1857 Boulevard Saint-Hubert, Montréal, QC"
5143456789,Roy,Emma,"6844 Avenue Beaubien, Montréal, QC"
5144567890,Bouchard,Hugo,"6169 Avenue Saint-Joseph, Montréal, QC"
5145678901,Lavoie,Léa,"1330 Avenue De Lorimier, Montréal, QC"
5146789012,Fortin,Nathan,"8001 Boulevard Duluth, Montréal, QC"
5147890123,Morin,Inès,"3359 Boulevard Saint-Denis, Montréal, QC"
5148901234,Gauthier,Noah,"4205 Boulevard Viau, Montréal, QC"
5149012345,Pelletier,Chloé,"3913 Avenue Pie-IX, Montréal, QC"
5140123456,Côté,Lucas,"8123 Boulevard Rue Inconnue 32, Montréal, QC"
5141122334,Desjardins,Sarah,"4758 Rue Notre-Dame, Montréal, QC"
